model,accuracy,precision,recall,f1_score,roc_auc
logistic_regression,0.7628205128205128,0.6666666666666666,0.35555555555555557,0.463768115942029,0.6716716716716717
random_forest,0.7307692307692307,0.6153846153846154,0.17777777777777778,0.27586206896551724,0.6643643643643643
xgboost,0.7628205128205128,0.7,0.3111111111111111,0.4307692307692308,0.6603603603603604
