{
    "logistic_regression": {
        "metrics": {
            "accuracy": 0.9567901234567902,
            "precision": 0.976,
            "recall": 0.9682539682539683,
            "f1_score": 0.9721115537848606,
            "roc_auc": 0.9485229276895943,
            "model": "logistic_regression"
        },
        "confusion_matrix": [
            [
                33,
                3
            ],
            [
                4,
                122
            ]
        ]
    },
    "random_forest": {
        "metrics": {
            "accuracy": 0.9567901234567902,
            "precision": 0.983739837398374,
            "recall": 0.9603174603174603,
            "f1_score": 0.9718875502008032,
            "roc_auc": 0.9517195767195767,
            "model": "random_forest"
        },
        "confusion_matrix": [
            [
                34,
                2
            ],
            [
                5,
                121
            ]
        ]
    },
    "xgboost": {
        "metrics": {
            "accuracy": 0.9567901234567902,
            "precision": 0.976,
            "recall": 0.9682539682539683,
            "f1_score": 0.9721115537848606,
            "roc_auc": 0.9325396825396826,
            "model": "xgboost"
        },
        "confusion_matrix": [
            [
                33,
                3
            ],
            [
                4,
                122
            ]
        ]
    },
    "stacking_ensemble": {
        "metrics": {
            "accuracy": 0.9567901234567902,
            "precision": 0.976,
            "recall": 0.9682539682539683,
            "f1_score": 0.9721115537848606,
            "roc_auc": 0.9441137566137566,
            "model": "stacking_ensemble"
        },
        "confusion_matrix": [
            [
                33,
                3
            ],
            [
                4,
                122
            ]
        ]
    },
    "voting_ensemble": {
        "metrics": {
            "accuracy": 0.9567901234567902,
            "precision": 0.976,
            "recall": 0.9682539682539683,
            "f1_score": 0.9721115537848606,
            "roc_auc": 0.9463183421516754,
            "model": "voting_ensemble"
        },
        "confusion_matrix": [
            [
                33,
                3
            ],
            [
                4,
                122
            ]
        ]
    }
}