{
    "logistic_regression": {
        "metrics": {
            "accuracy": 0.98,
            "precision": 0.9818181818181818,
            "recall": 0.9473684210526315,
            "f1_score": 0.9642857142857143,
            "roc_auc": 0.9895718316770948,
            "model": "logistic_regression"
        },
        "confusion_matrix": [
            [
                142,
                1
            ],
            [
                3,
                54
            ]
        ]
    },
    "random_forest": {
        "metrics": {
            "accuracy": 0.98,
            "precision": 0.9818181818181818,
            "recall": 0.9473684210526315,
            "f1_score": 0.9642857142857143,
            "roc_auc": 0.9896945160103054,
            "model": "random_forest"
        },
        "confusion_matrix": [
            [
                142,
                1
            ],
            [
                3,
                54
            ]
        ]
    },
    "xgboost": {
        "metrics": {
            "accuracy": 0.98,
            "precision": 0.9818181818181818,
            "recall": 0.9473684210526315,
            "f1_score": 0.9642857142857143,
            "roc_auc": 0.9895718316770948,
            "model": "xgboost"
        },
        "confusion_matrix": [
            [
                142,
                1
            ],
            [
                3,
                54
            ]
        ]
    },
    "stacking_ensemble": {
        "metrics": {
            "accuracy": 0.98,
            "precision": 0.9818181818181818,
            "recall": 0.9473684210526315,
            "f1_score": 0.9642857142857143,
            "roc_auc": 0.9898172003435161,
            "model": "stacking_ensemble"
        },
        "confusion_matrix": [
            [
                142,
                1
            ],
            [
                3,
                54
            ]
        ]
    },
    "voting_ensemble": {
        "metrics": {
            "accuracy": 0.98,
            "precision": 0.9818181818181818,
            "recall": 0.9473684210526315,
            "f1_score": 0.9642857142857143,
            "roc_auc": 0.9896331738437001,
            "model": "voting_ensemble"
        },
        "confusion_matrix": [
            [
                142,
                1
            ],
            [
                3,
                54
            ]
        ]
    }
}