antibiotic,profiles_best_model,profiles_roc_auc,profiles_f1_score,profiles_n_total,genes_best_model,genes_roc_auc,genes_f1_score,genes_n_total,auc_delta_profiles_minus_genes
CEFTAZIDIME,random_forest,0.7716836734693878,0.5567010309278351,1219,xgboost,0.5709914320685434,0.49122807017543857,309,0.2006922414008444
CIPROFLOXACIN,logistic_regression,0.7258827683615817,0.5483870967741935,1284,xgboost,0.6504504504504505,0.509090909090909,259,0.07543231791113125
GENTAMICIN,xgboost,0.7179127179127178,0.4235294117647059,1336,logistic_regression,0.6364864864864865,0.23529411764705882,235,0.08142623142623129
AMPICILLIN,logistic_regression,0.6885204081632652,0.5486725663716814,1290,xgboost,0.6994416873449132,0.4634146341463415,437,-0.01092127918164798
AMOXICILLIN/CLAVULANIC ACID,random_forest,0.6764411027568922,0.47191011235955055,807,logistic_regression,0.5353535353535352,0.0,243,0.14108756740335693
