antibiotic,feature_source,testing_standard,n_train,n_test,n_total,model,accuracy,precision,recall,f1_score,roc_auc
AMOXICILLIN/CLAVULANIC ACID,genes,EUCAST,194,49,243,logistic_regression,0.4897959183673469,0.0,0.0,0.0,0.5353535353535352
CIPROFLOXACIN,genes,EUCAST,207,52,259,xgboost,0.4807692307692308,0.35,0.9333333333333333,0.509090909090909,0.6504504504504505
GENTAMICIN,genes,EUCAST,188,47,235,logistic_regression,0.723404255319149,0.2857142857142857,0.2,0.23529411764705882,0.6364864864864865
