model,accuracy,precision,recall,f1_score,roc_auc
logistic_regression,0.4897959183673469,0.0,0.0,0.0,0.5353535353535352
random_forest,0.5306122448979592,0.4444444444444444,0.18181818181818182,0.25806451612903225,0.5244107744107744
xgboost,0.5102040816326531,0.0,0.0,0.0,0.46296296296296297
