model,accuracy,precision,recall,f1_score,roc_auc
logistic_regression,0.8319672131147541,0.5686274509803921,0.6041666666666666,0.5858585858585859,0.7531356292517006
random_forest,0.8237704918032787,0.5510204081632653,0.5625,0.5567010309278351,0.7716836734693878
xgboost,0.8278688524590164,0.56,0.5833333333333334,0.5714285714285714,0.7667410714285714
