model,accuracy,precision,recall,f1_score,roc_auc
logistic_regression,0.7821011673151751,0.7727272727272727,0.425,0.5483870967741935,0.7258827683615817
random_forest,0.7821011673151751,0.7857142857142857,0.4125,0.5409836065573771,0.7204802259887005
xgboost,0.7782101167315175,0.7674418604651163,0.4125,0.5365853658536586,0.715077683615819
