model,accuracy,precision,recall,f1_score,roc_auc
logistic_regression,0.7345679012345679,0.6842105263157895,0.45614035087719296,0.5473684210526316,0.6744360902255638
random_forest,0.7098765432098766,0.65625,0.3684210526315789,0.47191011235955055,0.6764411027568922
xgboost,0.7098765432098766,0.65625,0.3684210526315789,0.47191011235955055,0.6162907268170427
