model,accuracy,precision,recall,f1_score,roc_auc
logistic_regression,0.723404255319149,0.2857142857142857,0.2,0.23529411764705882,0.6364864864864865
random_forest,0.46808510638297873,0.25806451612903225,0.8,0.3902439024390244,0.6121621621621622
xgboost,0.3404255319148936,0.2,0.7,0.3111111111111111,0.5067567567567567
