model,accuracy,precision,recall,f1_score,roc_auc
logistic_regression,0.4423076923076923,0.3055555555555556,0.7333333333333333,0.43137254901960786,0.5693693693693693
random_forest,0.40384615384615385,0.30952380952380953,0.8666666666666667,0.45614035087719296,0.528828828828829
xgboost,0.4807692307692308,0.35,0.9333333333333333,0.509090909090909,0.6504504504504505
