model,accuracy,precision,recall,f1_score,roc_auc
logistic_regression,0.7985074626865671,0.34545454545454546,0.5135135135135135,0.41304347826086957,0.6688896688896688
random_forest,0.7985074626865671,0.34545454545454546,0.5135135135135135,0.41304347826086957,0.6855621855621855
xgboost,0.8171641791044776,0.375,0.4864864864864865,0.4235294117647059,0.7179127179127178
