model,accuracy,precision,recall,f1_score,roc_auc
logistic_regression,0.7159090909090909,0.7605633802816901,0.8709677419354839,0.8120300751879699,0.6833126550868487
random_forest,0.45454545454545453,0.8888888888888888,0.25806451612903225,0.4,0.6107320099255582
xgboost,0.5,0.95,0.3064516129032258,0.4634146341463415,0.6994416873449132
