model,accuracy,precision,recall,f1_score,roc_auc
logistic_regression,0.6046511627906976,0.9393939393939394,0.3875,0.5486725663716814,0.6885204081632652
random_forest,0.6007751937984496,0.9014084507042254,0.4,0.5541125541125541,0.6686862244897959
xgboost,0.6007751937984496,0.9384615384615385,0.38125,0.5422222222222223,0.6784438775510204
