model,accuracy,precision,recall,f1_score,roc_auc
logistic_regression,0.5161290322580645,0.3333333333333333,0.5789473684210527,0.4230769230769231,0.5618115055079559
random_forest,0.45161290322580644,0.3076923076923077,0.631578947368421,0.41379310344827586,0.5379436964504283
xgboost,0.532258064516129,0.3684210526315789,0.7368421052631579,0.49122807017543857,0.5709914320685434
