model,accuracy,precision,recall,f1_score,roc_auc
logistic_regression,0.72,0.7391304347826086,0.9444444444444444,0.8292682926829268,0.5634920634920635
random_forest,0.32,0.6666666666666666,0.1111111111111111,0.19047619047619047,0.511904761904762
xgboost,0.36,1.0,0.1111111111111111,0.2,0.5555555555555556
