model,accuracy,precision,recall,f1_score,roc_auc
logistic_regression,0.6710526315789473,0.6538461538461539,0.5151515151515151,0.576271186440678,0.6895701198026779
random_forest,0.618421052631579,0.6,0.36363636363636365,0.4528301886792453,0.7233967582804792
xgboost,0.5789473684210527,0.5217391304347826,0.36363636363636365,0.42857142857142855,0.6134601832276251
