{
    "logistic_regression": {
        "metrics": {
            "accuracy": 0.6710526315789473,
            "precision": 0.6538461538461539,
            "recall": 0.5151515151515151,
            "f1_score": 0.576271186440678,
            "roc_auc": 0.6895701198026779,
            "model": "logistic_regression"
        },
        "confusion_matrix": [
            [
                34,
                9
            ],
            [
                16,
                17
            ]
        ]
    },
    "random_forest": {
        "metrics": {
            "accuracy": 0.618421052631579,
            "precision": 0.6,
            "recall": 0.36363636363636365,
            "f1_score": 0.4528301886792453,
            "roc_auc": 0.7233967582804792,
            "model": "random_forest"
        },
        "confusion_matrix": [
            [
                35,
                8
            ],
            [
                21,
                12
            ]
        ]
    },
    "xgboost": {
        "metrics": {
            "accuracy": 0.5789473684210527,
            "precision": 0.5217391304347826,
            "recall": 0.36363636363636365,
            "f1_score": 0.42857142857142855,
            "roc_auc": 0.6134601832276251,
            "model": "xgboost"
        },
        "confusion_matrix": [
            [
                32,
                11
            ],
            [
                21,
                12
            ]
        ]
    }
}