{
    "logistic_regression": {
        "metrics": {
            "accuracy": 0.7307692307692307,
            "precision": 0.5555555555555556,
            "recall": 0.3333333333333333,
            "f1_score": 0.4166666666666667,
            "roc_auc": 0.7153153153153153,
            "model": "logistic_regression"
        },
        "confusion_matrix": [
            [
                33,
                4
            ],
            [
                10,
                5
            ]
        ]
    },
    "random_forest": {
        "metrics": {
            "accuracy": 0.4423076923076923,
            "precision": 0.325,
            "recall": 0.8666666666666667,
            "f1_score": 0.4727272727272727,
            "roc_auc": 0.6018018018018018,
            "model": "random_forest"
        },
        "confusion_matrix": [
            [
                10,
                27
            ],
            [
                2,
                13
            ]
        ]
    },
    "xgboost": {
        "metrics": {
            "accuracy": 0.40384615384615385,
            "precision": 0.3,
            "recall": 0.8,
            "f1_score": 0.43636363636363634,
            "roc_auc": 0.5594594594594595,
            "model": "xgboost"
        },
        "confusion_matrix": [
            [
                9,
                28
            ],
            [
                3,
                12
            ]
        ]
    }
}