{
    "logistic_regression": {
        "metrics": {
            "accuracy": 0.8319672131147541,
            "precision": 0.5686274509803921,
            "recall": 0.6041666666666666,
            "f1_score": 0.5858585858585859,
            "roc_auc": 0.7531356292517006,
            "model": "logistic_regression"
        },
        "confusion_matrix": [
            [
                174,
                22
            ],
            [
                19,
                29
            ]
        ]
    },
    "random_forest": {
        "metrics": {
            "accuracy": 0.8237704918032787,
            "precision": 0.5510204081632653,
            "recall": 0.5625,
            "f1_score": 0.5567010309278351,
            "roc_auc": 0.7716836734693878,
            "model": "random_forest"
        },
        "confusion_matrix": [
            [
                174,
                22
            ],
            [
                21,
                27
            ]
        ]
    },
    "xgboost": {
        "metrics": {
            "accuracy": 0.8278688524590164,
            "precision": 0.56,
            "recall": 0.5833333333333334,
            "f1_score": 0.5714285714285714,
            "roc_auc": 0.7667410714285714,
            "model": "xgboost"
        },
        "confusion_matrix": [
            [
                174,
                22
            ],
            [
                20,
                28
            ]
        ]
    }
}