{
    "logistic_regression": {
        "metrics": {
            "accuracy": 0.7985074626865671,
            "precision": 0.34545454545454546,
            "recall": 0.5135135135135135,
            "f1_score": 0.41304347826086957,
            "roc_auc": 0.6688896688896688,
            "model": "logistic_regression"
        },
        "confusion_matrix": [
            [
                195,
                36
            ],
            [
                18,
                19
            ]
        ]
    },
    "random_forest": {
        "metrics": {
            "accuracy": 0.7985074626865671,
            "precision": 0.34545454545454546,
            "recall": 0.5135135135135135,
            "f1_score": 0.41304347826086957,
            "roc_auc": 0.6855621855621855,
            "model": "random_forest"
        },
        "confusion_matrix": [
            [
                195,
                36
            ],
            [
                18,
                19
            ]
        ]
    },
    "xgboost": {
        "metrics": {
            "accuracy": 0.8171641791044776,
            "precision": 0.375,
            "recall": 0.4864864864864865,
            "f1_score": 0.4235294117647059,
            "roc_auc": 0.7179127179127178,
            "model": "xgboost"
        },
        "confusion_matrix": [
            [
                201,
                30
            ],
            [
                19,
                18
            ]
        ]
    }
}