{
    "logistic_regression": {
        "metrics": {
            "accuracy": 0.4423076923076923,
            "precision": 0.3055555555555556,
            "recall": 0.7333333333333333,
            "f1_score": 0.43137254901960786,
            "roc_auc": 0.5693693693693693,
            "model": "logistic_regression"
        },
        "confusion_matrix": [
            [
                12,
                25
            ],
            [
                4,
                11
            ]
        ]
    },
    "random_forest": {
        "metrics": {
            "accuracy": 0.40384615384615385,
            "precision": 0.30952380952380953,
            "recall": 0.8666666666666667,
            "f1_score": 0.45614035087719296,
            "roc_auc": 0.528828828828829,
            "model": "random_forest"
        },
        "confusion_matrix": [
            [
                8,
                29
            ],
            [
                2,
                13
            ]
        ]
    },
    "xgboost": {
        "metrics": {
            "accuracy": 0.4807692307692308,
            "precision": 0.35,
            "recall": 0.9333333333333333,
            "f1_score": 0.509090909090909,
            "roc_auc": 0.6504504504504505,
            "model": "xgboost"
        },
        "confusion_matrix": [
            [
                11,
                26
            ],
            [
                1,
                14
            ]
        ]
    }
}