{
    "logistic_regression": {
        "metrics": {
            "accuracy": 0.72,
            "precision": 0.7391304347826086,
            "recall": 0.9444444444444444,
            "f1_score": 0.8292682926829268,
            "roc_auc": 0.5634920634920635,
            "model": "logistic_regression"
        },
        "confusion_matrix": [
            [
                1,
                6
            ],
            [
                1,
                17
            ]
        ]
    },
    "random_forest": {
        "metrics": {
            "accuracy": 0.32,
            "precision": 0.6666666666666666,
            "recall": 0.1111111111111111,
            "f1_score": 0.19047619047619047,
            "roc_auc": 0.511904761904762,
            "model": "random_forest"
        },
        "confusion_matrix": [
            [
                6,
                1
            ],
            [
                16,
                2
            ]
        ]
    },
    "xgboost": {
        "metrics": {
            "accuracy": 0.36,
            "precision": 1.0,
            "recall": 0.1111111111111111,
            "f1_score": 0.2,
            "roc_auc": 0.5555555555555556,
            "model": "xgboost"
        },
        "confusion_matrix": [
            [
                7,
                0
            ],
            [
                16,
                2
            ]
        ]
    }
}