{
    "logistic_regression": {
        "metrics": {
            "accuracy": 0.7159090909090909,
            "precision": 0.7605633802816901,
            "recall": 0.8709677419354839,
            "f1_score": 0.8120300751879699,
            "roc_auc": 0.6833126550868487,
            "model": "logistic_regression"
        },
        "confusion_matrix": [
            [
                9,
                17
            ],
            [
                8,
                54
            ]
        ]
    },
    "random_forest": {
        "metrics": {
            "accuracy": 0.45454545454545453,
            "precision": 0.8888888888888888,
            "recall": 0.25806451612903225,
            "f1_score": 0.4,
            "roc_auc": 0.6107320099255582,
            "model": "random_forest"
        },
        "confusion_matrix": [
            [
                24,
                2
            ],
            [
                46,
                16
            ]
        ]
    },
    "xgboost": {
        "metrics": {
            "accuracy": 0.5,
            "precision": 0.95,
            "recall": 0.3064516129032258,
            "f1_score": 0.4634146341463415,
            "roc_auc": 0.6994416873449132,
            "model": "xgboost"
        },
        "confusion_matrix": [
            [
                25,
                1
            ],
            [
                43,
                19
            ]
        ]
    }
}