{
    "logistic_regression": {
        "metrics": {
            "accuracy": 0.6046511627906976,
            "precision": 0.9393939393939394,
            "recall": 0.3875,
            "f1_score": 0.5486725663716814,
            "roc_auc": 0.6885204081632652,
            "model": "logistic_regression"
        },
        "confusion_matrix": [
            [
                94,
                4
            ],
            [
                98,
                62
            ]
        ]
    },
    "random_forest": {
        "metrics": {
            "accuracy": 0.6007751937984496,
            "precision": 0.9014084507042254,
            "recall": 0.4,
            "f1_score": 0.5541125541125541,
            "roc_auc": 0.6686862244897959,
            "model": "random_forest"
        },
        "confusion_matrix": [
            [
                91,
                7
            ],
            [
                96,
                64
            ]
        ]
    },
    "xgboost": {
        "metrics": {
            "accuracy": 0.6007751937984496,
            "precision": 0.9384615384615385,
            "recall": 0.38125,
            "f1_score": 0.5422222222222223,
            "roc_auc": 0.6784438775510204,
            "model": "xgboost"
        },
        "confusion_matrix": [
            [
                94,
                4
            ],
            [
                99,
                61
            ]
        ]
    }
}