{
    "logistic_regression": {
        "metrics": {
            "accuracy": 0.7821011673151751,
            "precision": 0.7608695652173914,
            "recall": 0.4375,
            "f1_score": 0.5555555555555556,
            "roc_auc": 0.74159604519774,
            "model": "logistic_regression"
        },
        "confusion_matrix": [
            [
                166,
                11
            ],
            [
                45,
                35
            ]
        ]
    },
    "random_forest": {
        "metrics": {
            "accuracy": 0.7626459143968871,
            "precision": 0.7317073170731707,
            "recall": 0.375,
            "f1_score": 0.49586776859504134,
            "roc_auc": 0.6895127118644067,
            "model": "random_forest"
        },
        "confusion_matrix": [
            [
                166,
                11
            ],
            [
                50,
                30
            ]
        ]
    },
    "xgboost": {
        "metrics": {
            "accuracy": 0.7704280155642024,
            "precision": 0.7560975609756098,
            "recall": 0.3875,
            "f1_score": 0.512396694214876,
            "roc_auc": 0.723481638418079,
            "model": "xgboost"
        },
        "confusion_matrix": [
            [
                167,
                10
            ],
            [
                49,
                31
            ]
        ]
    },
    "stacking_ensemble": {
        "metrics": {
            "accuracy": 0.7782101167315175,
            "precision": 0.7674418604651163,
            "recall": 0.4125,
            "f1_score": 0.5365853658536586,
            "roc_auc": 0.7260593220338983,
            "model": "stacking_ensemble"
        },
        "confusion_matrix": [
            [
                167,
                10
            ],
            [
                47,
                33
            ]
        ]
    },
    "voting_ensemble": {
        "metrics": {
            "accuracy": 0.7782101167315175,
            "precision": 0.7674418604651163,
            "recall": 0.4125,
            "f1_score": 0.5365853658536586,
            "roc_auc": 0.7260593220338983,
            "model": "voting_ensemble"
        },
        "confusion_matrix": [
            [
                167,
                10
            ],
            [
                47,
                33
            ]
        ]
    }
}